,returned_to_range,stayed_above,total_cases,stayed_below
inside_then_above,89.50381679389314,10.49618320610687,524.0,
inside_then_below,91.63498098859316,,526.0,8.365019011406844
