{
  "inside_to_above": {
    "total_occurrences": 625,
    "distribution": {
      "14:00": 28,
      "11:00": 25,
      "13:00": 25,
      "09:30": 289,
      "12:30": 23,
      "14:30": 25,
      "15:00": 50,
      "13:30": 24,
      "10:30": 50,
      "12:00": 25,
      "10:00": 46,
      "11:30": 15
    },
    "top_time": "09:30",
    "top_time_count": 289,
    "top_time_pct": 46.239999999999995
  },
  "inside_to_below": {
    "total_occurrences": 732,
    "distribution": {
      "12:00": 27,
      "09:30": 356,
      "11:30": 35,
      "10:30": 40,
      "15:00": 29,
      "10:00": 72,
      "11:00": 38,
      "13:30": 15,
      "13:00": 32,
      "14:30": 35,
      "14:00": 22,
      "12:30": 29,
      "17:30": 1,
      "19:00": 1
    },
    "top_time": "09:30",
    "top_time_count": 356,
    "top_time_pct": 48.63387978142077
  },
  "above_to_inside": {
    "total_occurrences": 523,
    "distribution": {
      "09:30": 323,
      "10:30": 26,
      "11:00": 17,
      "13:30": 8,
      "11:30": 25,
      "14:00": 14,
      "10:00": 40,
      "12:30": 9,
      "14:30": 10,
      "13:00": 17,
      "12:00": 16,
      "15:00": 15,
      "18:30": 1,
      "17:30": 1,
      "18:00": 1
    },
    "top_time": "09:30",
    "top_time_count": 323,
    "top_time_pct": 61.75908221797323
  },
  "below_to_inside": {
    "total_occurrences": 173,
    "distribution": {
      "09:30": 108,
      "13:00": 5,
      "10:30": 10,
      "11:30": 6,
      "11:00": 4,
      "14:30": 3,
      "14:00": 8,
      "15:00": 4,
      "10:00": 8,
      "12:00": 7,
      "12:30": 5,
      "13:30": 5
    },
    "top_time": "09:30",
    "top_time_count": 108,
    "top_time_pct": 62.42774566473989
  },
  "inside_to_above_then_back": {
    "total_reversions": 590,
    "return_time_distribution": {
      "14:00": 32,
      "11:00": 30,
      "13:00": 26,
      "09:30": 217,
      "12:30": 24,
      "10:00": 56,
      "14:30": 30,
      "15:00": 50,
      "13:30": 27,
      "10:30": 52,
      "12:00": 28,
      "11:30": 18
    },
    "avg_duration_minutes": 10.584745762711865,
    "median_duration_minutes": 0.0
  },
  "inside_to_below_then_back": {
    "total_reversions": 681,
    "return_time_distribution": {
      "12:00": 27,
      "09:30": 272,
      "11:30": 39,
      "10:30": 45,
      "15:00": 31,
      "10:00": 77,
      "11:00": 41,
      "13:30": 19,
      "13:00": 36,
      "14:30": 37,
      "14:00": 25,
      "12:30": 30,
      "17:30": 1,
      "19:00": 1
    },
    "avg_duration_minutes": 8.612334801762115,
    "median_duration_minutes": 0.0
  }
}