,returned_to_range,stayed_above,total_cases,stayed_below
inside_then_above,84.54011741682974,15.459882583170254,511.0,
inside_then_below,86.709886547812,,617.0,13.290113452188008
