{
    "RELIANCE": {
        "M1_S1_I0": [
            3.0,
            38.0,
            1.794507720145257,
            0.023171859193062652,
            0.07576190693159107
        ],
        "M1_S1_I1": [
            2.0,
            47.0,
            1.420265967566321,
            0.017505582875867346,
            0.09017791209723688
        ],
        "M1_S2_I2": [
            3.0,
            20.0,
            2.2335430917111525,
            0.03917550677763089,
            0.09846433721269088
        ],
        "M1_S1_I2": [
            2.0,
            24.0,
            1.6636452132738526,
            0.006589821685294614,
            0.03038992237832306
        ],
        "M0_S1_I1": [
            3.0,
            23.0,
            1.9178840624685496,
            0.006349087051674339,
            0.03663892861608783
        ],
        "M0_S1_I0": [
            3.0,
            46.0,
            2.4019471092688844,
            0.013465578179415485,
            0.05363967941055648
        ],
        "M0_S2_I1": [
            2.0,
            36.0,
            1.6686140833680987,
            0.03162429296292074,
            0.03522109346338405
        ],
        "M1_S2_I0": [
            2.0,
            25.0,
            3.9533698702359645,
            0.009989200563157719,
            0.07532842723293853
        ],
        "M0_S1_I2": [
            0.0,
            41.0,
            1.6226969221390308,
            0.012129165175459497,
            0.017685221069308508
        ],
        "M0_S2_I2": [
            3.0,
            30.0,
            3.8510045741359082,
            0.018248588312386325,
            0.03182276629435675
        ],
        "M0_S2_I0": [
            3.0,
            47.0,
            1.2927583500922015,
            0.026655804170693485,
            0.0878692819752769
        ],
        "M1_S2_I1": [
            3.0,
            20.0,
            3.420010758575856,
            0.02626443647910606,
            0.07096764973923098
        ]
    },
    "HDFCBANK": {
        "M1_S1_I0": [
            4.0,
            47.0,
            2.465686174827227,
            0.034247879025626204,
            0.06710568726406203
        ],
        "M1_S1_I1": [
            0.0,
            7.0,
            1.262650246495271,
            0.0345315460291322,
            0.08958049477843757
        ],
        "M1_S1_I2": [
            3.0,
            49.0,
            3.650344394034628,
            0.04523999427890444,
            0.0926781583071125
        ],
        "M2_S2_I2": [
            3.0,
            42.0,
            3.9544642966590438,
            0.04370266744830319,
            0.08242150548689599
        ],
        "M2_S2_I0": [
            2.0,
            46.0,
            2.028764941293966,
            0.0364599721323076,
            0.0803875701769087
        ],
        "M1_S2_I0": [
            0.0,
            43.0,
            2.2735486155774343,
            0.047334292608758856,
            0.08944396897799635
        ],
        "M1_S2_I2": [
            2.0,
            49.0,
            2.0926159487653364,
            0.02902523783413036,
            0.017327724604631518
        ],
        "M2_S1_I0": [
            4.0,
            41.0,
            3.0015239293705176,
            0.0448682583854659,
            0.07298192028743546
        ],
        "M1_S2_I1": [
            2.0,
            45.0,
            1.5437870216111025,
            0.04078027461178972,
            0.07230618697138552
        ],
        "M2_S1_I1": [
            3.0,
            49.0,
            3.6501016694625394,
            0.032115721665465814,
            0.07277902581085814
        ]
    },
    "ICICIBANK": {
        "M1_S1_I1": [
            2.0,
            39.0,
            1.2359093210986536,
            0.020675589533845476,
            0.054426482055517
        ],
        "M1_S1_I0": [
            3.0,
            38.0,
            1.6169365085657998,
            0.029934167835406134,
            0.03870121877955166
        ],
        "M1_S1_I2": [
            3.0,
            30.0,
            3.3419552241705874,
            0.018703746632594734,
            0.03107016081051467
        ],
        "M0_S0_I2": [
            3.0,
            41.0,
            2.8522353760535584,
            0.024134786180219796,
            0.09947092499741632
        ],
        "M0_S0_I1": [
            3.0,
            27.0,
            1.1011106218536835,
            0.047739340487449336,
            0.018334681113235215
        ],
        "M0_S0_I0": [
            3.0,
            32.0,
            1.7343754965592582,
            0.022057451088503596,
            0.04126613901867114
        ],
        "M2_S2_I2": [
            2.0,
            30.0,
            3.810895883182398,
            0.021794403606613073,
            0.09680857288358555
        ]
    }
}